{
  "lead_day_1": {
    "accuracy": 0.8473202614379085,
    "precision": 0.40722291407222916,
    "recall": 0.7517241379310344,
    "f1": 0.5282714054927302
  },
  "lead_day_2": {
    "accuracy": 0.8323744769874477,
    "precision": 0.371571072319202,
    "recall": 0.6850574712643678,
    "f1": 0.48181083265966046
  },
  "lead_day_3": {
    "accuracy": 0.8184196755625327,
    "precision": 0.3383270911360799,
    "recall": 0.6229885057471264,
    "f1": 0.43851132686084143
  },
  "lead_day_5": {
    "accuracy": 0.8009950248756219,
    "precision": 0.295369211514393,
    "recall": 0.5450346420323325,
    "f1": 0.38311688311688313
  },
  "lead_day_7": {
    "accuracy": 0.7932389937106918,
    "precision": 0.2769423558897243,
    "recall": 0.5103926096997691,
    "f1": 0.35905767668562144
  },
  "summary": "F1 degrades from 0.5283 at 1-day to 0.3591 at 7-day forecast horizon"
}