{
  "logistic_multiclass": {
    "target_type": "multiclass",
    "validation": {
      "accuracy": 0.9214128035320088,
      "macro_precision": 0.8612846474748633,
      "macro_recall": 0.8944364558320169,
      "macro_f1": 0.8758454878894847,
      "confusion_matrix": [
        [
          3135,
          195,
          1
        ],
        [
          55,
          610,
          54
        ],
        [
          4,
          47,
          429
        ]
      ]
    },
    "test": {
      "accuracy": 0.9095122489516663,
      "macro_precision": 0.8156413619733555,
      "macro_recall": 0.8645295455726352,
      "macro_f1": 0.8350770747499304,
      "confusion_matrix": [
        [
          3316,
          251,
          1
        ],
        [
          42,
          536,
          57
        ],
        [
          7,
          52,
          269
        ]
      ]
    }
  },
  "lightgbm_multiclass": {
    "target_type": "multiclass",
    "validation": {
      "accuracy": 0.9459161147902869,
      "macro_precision": 0.9014583127987668,
      "macro_recall": 0.9092487211493108,
      "macro_f1": 0.9048174575845432,
      "confusion_matrix": [
        [
          3232,
          98,
          1
        ],
        [
          49,
          630,
          40
        ],
        [
          7,
          50,
          423
        ]
      ]
    },
    "test": {
      "accuracy": 0.9421761200617965,
      "macro_precision": 0.8841612681078725,
      "macro_recall": 0.8778050122535405,
      "macro_f1": 0.8796029588289708,
      "confusion_matrix": [
        [
          3463,
          105,
          0
        ],
        [
          67,
          539,
          29
        ],
        [
          6,
          55,
          267
        ]
      ]
    }
  },
  "summary": {
    "best_model_by_test_f1": "lightgbm_multiclass",
    "best_model_by_test_roc_auc": null,
    "n_rows": 30202
  }
}