{
  "logistic_baseline": {
    "validation": {
      "accuracy": 0.8358169934640522,
      "precision": 0.3288590604026846,
      "recall": 0.6568364611260054,
      "f1": 0.43828264758497315
    },
    "test": {
      "accuracy": 0.8305882352941176,
      "precision": 0.3702801461632156,
      "recall": 0.6988505747126437,
      "f1": 0.4840764331210191
    },
    "test_roc_auc": 0.783913470993117
  },
  "lightgbm": {
    "validation": {
      "accuracy": 0.9369934640522876,
      "precision": 0.6363636363636364,
      "recall": 0.8257372654155496,
      "f1": 0.7187864644107351
    },
    "test": {
      "accuracy": 0.9349019607843138,
      "precision": 0.6709558823529411,
      "recall": 0.8390804597701149,
      "f1": 0.745658835546476
    },
    "test_roc_auc": 0.9660495710846642
  },
  "summary": {
    "best_model_by_test_f1": "lightgbm",
    "best_model_by_test_roc_auc": "lightgbm",
    "n_rows": 25500,
    "n_train": 17850,
    "n_val": 3825,
    "n_test": 3825
  }
}