{
  "logistic_multiclass": {
    "target_type": "multiclass",
    "validation": {
      "accuracy": 0.7439293598233996,
      "macro_precision": 0.5911071602156287,
      "macro_recall": 0.6211233914969037,
      "macro_f1": 0.6034915711450305,
      "confusion_matrix": [
        [
          2758,
          439,
          134
        ],
        [
          238,
          346,
          135
        ],
        [
          103,
          111,
          266
        ]
      ]
    },
    "test": {
      "accuracy": 0.5380710659898477,
      "macro_precision": 0.4624589504045585,
      "macro_recall": 0.5494721662198437,
      "macro_f1": 0.4404351393086827,
      "confusion_matrix": [
        [
          1894,
          1308,
          366
        ],
        [
          106,
          367,
          162
        ],
        [
          33,
          118,
          177
        ]
      ]
    }
  },
  "lightgbm_multiclass": {
    "target_type": "multiclass",
    "validation": {
      "accuracy": 0.871523178807947,
      "macro_precision": 0.7797403833868168,
      "macro_recall": 0.832004379769594,
      "macro_f1": 0.8031016046099251,
      "confusion_matrix": [
        [
          3009,
          265,
          57
        ],
        [
          118,
          525,
          76
        ],
        [
          16,
          50,
          414
        ]
      ]
    },
    "test": {
      "accuracy": 0.6802030456852792,
      "macro_precision": 0.5153988717554044,
      "macro_recall": 0.6503226225016744,
      "macro_f1": 0.5344150835975623,
      "confusion_matrix": [
        [
          2520,
          620,
          428
        ],
        [
          115,
          318,
          202
        ],
        [
          9,
          75,
          244
        ]
      ]
    }
  },
  "summary": {
    "best_model_by_test_f1": "lightgbm_multiclass",
    "best_model_by_test_roc_auc": null,
    "n_rows": 30202
  }
}