{
  "model": {
    "validation": {
      "accuracy": 0.981675392670157,
      "precision": 0.375,
      "recall": 0.6,
      "f1": 0.46153846153846156
    },
    "test": {
      "accuracy": 0.9634464751958225,
      "precision": 0.7297297297297297,
      "recall": 0.8709677419354839,
      "f1": 0.7941176470588235
    },
    "test_roc_auc": 0.9853372434017595
  },
  "lightgbm": {
    "validation": {
      "accuracy": 0.9947643979057592,
      "precision": 1.0,
      "recall": 0.6,
      "f1": 0.75
    },
    "test": {
      "accuracy": 0.9660574412532638,
      "precision": 0.8461538461538461,
      "recall": 0.7096774193548387,
      "f1": 0.7719298245614035
    },
    "test_roc_auc": 0.9843291788856304
  },
  "summary": {
    "best_model_by_test_f1": "model",
    "best_model_by_test_roc_auc": "model",
    "n_rows": 2550,
    "n_train": 1785,
    "n_val": 382,
    "n_test": 383
  }
}