{
  "model": {
    "validation": {
      "accuracy": 0.7840522875816993,
      "precision": 0.27372627372627373,
      "recall": 0.7345844504021448,
      "f1": 0.3988355167394469
    },
    "test": {
      "accuracy": 0.7568627450980392,
      "precision": 0.27722772277227725,
      "recall": 0.7080459770114943,
      "f1": 0.3984476067270375
    },
    "test_roc_auc": 0.7872912216458142
  },
  "lightgbm": {
    "validation": {
      "accuracy": 0.9233986928104575,
      "precision": 0.5772200772200772,
      "recall": 0.8016085790884718,
      "f1": 0.6711560044893379
    },
    "test": {
      "accuracy": 0.9254901960784314,
      "precision": 0.6488095238095238,
      "recall": 0.7517241379310344,
      "f1": 0.6964856230031949
    },
    "test_roc_auc": 0.9515206998270777
  },
  "summary": {
    "best_model_by_test_f1": "lightgbm",
    "best_model_by_test_roc_auc": "lightgbm",
    "n_rows": 25500,
    "n_train": 17850,
    "n_val": 3825,
    "n_test": 3825
  }
}