{
  "logistic_multiclass": {
    "target_type": "multiclass",
    "validation": {
      "accuracy": 0.9262529832935561,
      "macro_precision": 0.8188940569687565,
      "macro_recall": 0.877645465179327,
      "macro_f1": 0.8432894720951065,
      "confusion_matrix": [
        [
          3270,
          192,
          1
        ],
        [
          34,
          368,
          43
        ],
        [
          8,
          31,
          243
        ]
      ]
    },
    "test": {
      "accuracy": 0.9066825775656324,
      "macro_precision": 0.8517603937724002,
      "macro_recall": 0.8890509540850271,
      "macro_f1": 0.866538222250815,
      "confusion_matrix": [
        [
          2745,
          239,
          0
        ],
        [
          39,
          658,
          55
        ],
        [
          6,
          52,
          396
        ]
      ]
    }
  },
  "lightgbm_multiclass": {
    "target_type": "multiclass",
    "validation": {
      "accuracy": 0.9525059665871122,
      "macro_precision": 0.8846851206071628,
      "macro_recall": 0.8884601335716154,
      "macro_f1": 0.8855384994688406,
      "confusion_matrix": [
        [
          3377,
          84,
          2
        ],
        [
          48,
          375,
          22
        ],
        [
          10,
          33,
          239
        ]
      ]
    },
    "test": {
      "accuracy": 0.9403341288782816,
      "macro_precision": 0.9012381878175556,
      "macro_recall": 0.9073795885886557,
      "macro_f1": 0.904207150516687,
      "confusion_matrix": [
        [
          2887,
          95,
          2
        ],
        [
          61,
          647,
          44
        ],
        [
          10,
          38,
          406
        ]
      ]
    }
  },
  "summary": {
    "best_model_by_test_f1": "lightgbm_multiclass",
    "best_model_by_test_roc_auc": null,
    "n_rows": 27931
  }
}