{
  "logistic_multiclass": {
    "target_type": "multiclass",
    "validation": {
      "accuracy": 0.9221957040572792,
      "macro_precision": 0.8120922644982725,
      "macro_recall": 0.8664502529044659,
      "macro_f1": 0.8338094507776029,
      "confusion_matrix": [
        [
          3263,
          199,
          1
        ],
        [
          37,
          365,
          43
        ],
        [
          9,
          37,
          236
        ]
      ]
    },
    "test": {
      "accuracy": 0.8988066825775657,
      "macro_precision": 0.8441951540778385,
      "macro_recall": 0.8777388498125954,
      "macro_f1": 0.8576708376178214,
      "confusion_matrix": [
        [
          2735,
          249,
          0
        ],
        [
          62,
          635,
          55
        ],
        [
          7,
          51,
          396
        ]
      ]
    }
  },
  "lightgbm_multiclass": {
    "target_type": "multiclass",
    "validation": {
      "accuracy": 0.9477326968973747,
      "macro_precision": 0.8718551737729513,
      "macro_recall": 0.8867481513088579,
      "macro_f1": 0.8780785766442262,
      "confusion_matrix": [
        [
          3358,
          102,
          3
        ],
        [
          48,
          372,
          25
        ],
        [
          10,
          31,
          241
        ]
      ]
    },
    "test": {
      "accuracy": 0.9284009546539379,
      "macro_precision": 0.8840635608138436,
      "macro_recall": 0.8918408515027418,
      "macro_f1": 0.8877194083349803,
      "confusion_matrix": [
        [
          2860,
          122,
          2
        ],
        [
          71,
          632,
          49
        ],
        [
          15,
          41,
          398
        ]
      ]
    }
  },
  "summary": {
    "best_model_by_test_f1": "lightgbm_multiclass",
    "best_model_by_test_roc_auc": null,
    "n_rows": 27931
  }
}