{
  "logistic_multiclass": {
    "target_type": "multiclass",
    "validation": {
      "accuracy": 0.6964705882352941,
      "macro_precision": 0.4636416940386769,
      "macro_recall": 0.48668905786777583,
      "macro_f1": 0.46739386123909354,
      "confusion_matrix": [
        [
          2399,
          499,
          133
        ],
        [
          128,
          137,
          156
        ],
        [
          145,
          100,
          128
        ]
      ]
    },
    "test": {
      "accuracy": 0.730718954248366,
      "macro_precision": 0.6015411980684277,
      "macro_recall": 0.6142077143597309,
      "macro_f1": 0.6072257359225816,
      "confusion_matrix": [
        [
          2237,
          375,
          80
        ],
        [
          257,
          313,
          128
        ],
        [
          95,
          95,
          245
        ]
      ]
    }
  },
  "lightgbm_multiclass": {
    "target_type": "multiclass",
    "validation": {
      "accuracy": 0.8486274509803922,
      "macro_precision": 0.6834746057768025,
      "macro_recall": 0.7255395800813704,
      "macro_f1": 0.6946084954639024,
      "confusion_matrix": [
        [
          2738,
          238,
          55
        ],
        [
          64,
          290,
          67
        ],
        [
          25,
          130,
          218
        ]
      ]
    },
    "test": {
      "accuracy": 0.8637908496732026,
      "macro_precision": 0.7839733017965567,
      "macro_recall": 0.8073313974052482,
      "macro_f1": 0.7950577778769153,
      "confusion_matrix": [
        [
          2468,
          198,
          26
        ],
        [
          129,
          481,
          88
        ],
        [
          22,
          58,
          355
        ]
      ]
    }
  },
  "summary": {
    "best_model_by_test_f1": "lightgbm_multiclass",
    "best_model_by_test_roc_auc": null,
    "n_rows": 25500
  }
}