{
  "logistic_baseline": {
    "validation": {
      "accuracy": 0.981675392670157,
      "precision": 0.375,
      "recall": 0.6,
      "f1": 0.46153846153846156
    },
    "test": {
      "accuracy": 0.9634464751958225,
      "precision": 0.7297297297297297,
      "recall": 0.8709677419354839,
      "f1": 0.7941176470588235
    },
    "test_roc_auc": 0.9853372434017595
  },
  "lightgbm": {
    "validation": {
      "accuracy": 0.918848167539267,
      "precision": 0.09375,
      "recall": 0.6,
      "f1": 0.16216216216216217
    },
    "test": {
      "accuracy": 0.9242819843342036,
      "precision": 0.5227272727272727,
      "recall": 0.7419354838709677,
      "f1": 0.6133333333333333
    },
    "test_roc_auc": 0.9273277126099706
  },
  "summary": {
    "best_model_by_test_f1": "logistic_baseline",
    "best_model_by_test_roc_auc": "logistic_baseline",
    "n_rows": 2550,
    "n_train": 1785,
    "n_val": 382,
    "n_test": 383
  }
}