{
  "lead_day_1": {
    "accuracy": 0.8486274509803922,
    "precision": 0.40600522193211486,
    "recall": 0.7149425287356321,
    "f1": 0.517901748542881
  },
  "lead_day_2": {
    "accuracy": 0.8394351464435147,
    "precision": 0.38300653594771245,
    "recall": 0.6735632183908046,
    "f1": 0.48833333333333334
  },
  "lead_day_3": {
    "accuracy": 0.8288854003139717,
    "precision": 0.3564875491480996,
    "recall": 0.6252873563218391,
    "f1": 0.4540901502504174
  },
  "lead_day_5": {
    "accuracy": 0.8038753600418957,
    "precision": 0.29210526315789476,
    "recall": 0.5127020785219399,
    "f1": 0.3721709974853311
  },
  "lead_day_7": {
    "accuracy": 0.7974318658280922,
    "precision": 0.27631578947368424,
    "recall": 0.48498845265588914,
    "f1": 0.3520536462699078
  },
  "summary": "F1 degrades from 0.5179 at 1-day to 0.3521 at 7-day forecast horizon"
}