{
  "lead_day_1": {
    "accuracy": 0.8854901960784314,
    "precision": 0.4972875226039783,
    "recall": 0.632183908045977,
    "f1": 0.5566801619433198
  },
  "lead_day_2": {
    "accuracy": 0.8765690376569037,
    "precision": 0.4665461121157324,
    "recall": 0.593103448275862,
    "f1": 0.5222672064777328
  },
  "lead_day_3": {
    "accuracy": 0.8649921507064364,
    "precision": 0.426497277676951,
    "recall": 0.5402298850574713,
    "f1": 0.4766734279918864
  },
  "lead_day_5": {
    "accuracy": 0.842890809112333,
    "precision": 0.34790528233151186,
    "recall": 0.44110854503464203,
    "f1": 0.3890020366598778
  },
  "lead_day_7": {
    "accuracy": 0.8362159329140462,
    "precision": 0.3248175182481752,
    "recall": 0.4110854503464203,
    "f1": 0.36289500509684
  },
  "summary": "F1 degrades from 0.5567 at 1-day to 0.3629 at 7-day forecast horizon"
}