{
  "lead_day_1": {
    "accuracy": 0.6802030456852792,
    "macro_precision": 0.5153988717554044,
    "macro_recall": 0.6503226225016744,
    "macro_f1": 0.5344150835975623,
    "confusion_matrix": [
      [
        2520,
        620,
        428
      ],
      [
        115,
        318,
        202
      ],
      [
        9,
        75,
        244
      ]
    ]
  },
  "lead_day_2": {
    "accuracy": 0.6688010598366085,
    "macro_precision": 0.5019184788085584,
    "macro_recall": 0.6284897900104858,
    "macro_f1": 0.518248027261553,
    "confusion_matrix": [
      [
        2500,
        642,
        425
      ],
      [
        132,
        291,
        211
      ],
      [
        11,
        79,
        238
      ]
    ]
  },
  "lead_day_3": {
    "accuracy": 0.6569472056549591,
    "macro_precision": 0.48818714473060804,
    "macro_recall": 0.6032112132324707,
    "macro_f1": 0.5013259670571307,
    "confusion_matrix": [
      [
        2476,
        659,
        430
      ],
      [
        143,
        274,
        217
      ],
      [
        23,
        81,
        224
      ]
    ]
  },
  "lead_day_5": {
    "accuracy": 0.6328470380194519,
    "macro_precision": 0.4614334343644884,
    "macro_recall": 0.5572195834622341,
    "macro_f1": 0.46915938427384357,
    "confusion_matrix": [
      [
        2424,
        699,
        439
      ],
      [
        174,
        236,
        224
      ],
      [
        43,
        82,
        203
      ]
    ]
  },
  "lead_day_7": {
    "accuracy": 0.6216275984077841,
    "macro_precision": 0.4484858269497267,
    "macro_recall": 0.5345907129104961,
    "macro_f1": 0.45321875792099425,
    "confusion_matrix": [
      [
        2402,
        720,
        442
      ],
      [
        182,
        217,
        231
      ],
      [
        54,
        82,
        192
      ]
    ]
  },
  "summary": "macro-F1 changes from 0.5344 at 1-day to 0.4532 at 7-day forecast horizon"
}