{
  "lead_day_1": {
    "accuracy": 0.9233890214797136,
    "macro_precision": 0.8750762695580031,
    "macro_recall": 0.8905235500176696,
    "macro_f1": 0.8814557497780232,
    "confusion_matrix": [
      [
        2828,
        154,
        2
      ],
      [
        53,
        652,
        47
      ],
      [
        13,
        52,
        389
      ]
    ]
  },
  "lead_day_2": {
    "accuracy": 0.8770296084049666,
    "macro_precision": 0.7969058177648156,
    "macro_recall": 0.8083243750209151,
    "macro_f1": 0.8014349920973274,
    "confusion_matrix": [
      [
        2768,
        205,
        9
      ],
      [
        92,
        569,
        91
      ],
      [
        35,
        83,
        336
      ]
    ]
  },
  "lead_day_3": {
    "accuracy": 0.839503224265584,
    "macro_precision": 0.7388805467159733,
    "macro_recall": 0.7475140721848343,
    "macro_f1": 0.7421795575997393,
    "confusion_matrix": [
      [
        2708,
        244,
        29
      ],
      [
        137,
        508,
        107
      ],
      [
        53,
        102,
        299
      ]
    ]
  },
  "lead_day_5": {
    "accuracy": 0.7929715515180492,
    "macro_precision": 0.662094514253136,
    "macro_recall": 0.6684983602165713,
    "macro_f1": 0.664394512230368,
    "confusion_matrix": [
      [
        2631,
        286,
        60
      ],
      [
        174,
        446,
        132
      ],
      [
        93,
        121,
        240
      ]
    ]
  },
  "lead_day_7": {
    "accuracy": 0.7662120124431682,
    "macro_precision": 0.6228175913892787,
    "macro_recall": 0.6285275226091291,
    "macro_f1": 0.6247730986924265,
    "confusion_matrix": [
      [
        2576,
        310,
        90
      ],
      [
        209,
        414,
        127
      ],
      [
        111,
        130,
        212
      ]
    ]
  },
  "summary": "macro-F1 changes from 0.8815 at 1-day to 0.6248 at 7-day forecast horizon"
}