{
  "validation": {
    "accuracy": 0.7840522875816993,
    "precision": 0.27372627372627373,
    "recall": 0.7345844504021448,
    "f1": 0.3988355167394469
  },
  "test": {
    "accuracy": 0.7568627450980392,
    "precision": 0.27722772277227725,
    "recall": 0.7080459770114943,
    "f1": 0.3984476067270375
  },
  "n_rows": 25500,
  "n_train": 17850,
  "n_val": 3825,
  "n_test": 3825
}