{
  "validation": {
    "accuracy": 0.9633507853403142,
    "precision": 0.23529411764705882,
    "recall": 0.8,
    "f1": 0.36363636363636365
  },
  "test": {
    "accuracy": 0.9321148825065274,
    "precision": 0.5510204081632653,
    "recall": 0.8709677419354839,
    "f1": 0.675
  },
  "n_rows": 2550,
  "n_train": 1785,
  "n_val": 382,
  "n_test": 383
}