{
  "validation": {
    "accuracy": 0.9685863874345549,
    "precision": 0.26666666666666666,
    "recall": 0.8,
    "f1": 0.4
  },
  "test": {
    "accuracy": 0.9530026109660574,
    "precision": 0.6756756756756757,
    "recall": 0.8064516129032258,
    "f1": 0.7352941176470589
  },
  "n_rows": 2550,
  "n_train": 1785,
  "n_val": 382,
  "n_test": 383
}