{
  "validation": {
    "accuracy": 0.981675392670157,
    "precision": 0.375,
    "recall": 0.6,
    "f1": 0.46153846153846156
  },
  "test": {
    "accuracy": 0.9634464751958225,
    "precision": 0.7297297297297297,
    "recall": 0.8709677419354839,
    "f1": 0.7941176470588235
  },
  "n_rows": 2550,
  "n_train": 1785,
  "n_val": 382,
  "n_test": 383
}