{
  "validation": {
    "accuracy": 0.9150326797385621,
    "precision": 0.7553191489361702,
    "recall": 0.1903485254691689,
    "f1": 0.30406852248394006
  },
  "test": {
    "accuracy": 0.9152941176470588,
    "precision": 0.87248322147651,
    "recall": 0.2988505747126437,
    "f1": 0.4452054794520548
  },
  "n_rows": 25500,
  "n_train": 17850,
  "n_val": 3825,
  "n_test": 3825
}