{
  "target_type": "multiclass",
  "validation": {
    "accuracy": 0.9477326968973747,
    "macro_precision": 0.8718551737729513,
    "macro_recall": 0.8867481513088579,
    "macro_f1": 0.8780785766442262,
    "confusion_matrix": [
      [
        3358,
        102,
        3
      ],
      [
        48,
        372,
        25
      ],
      [
        10,
        31,
        241
      ]
    ]
  },
  "test": {
    "accuracy": 0.9284009546539379,
    "macro_precision": 0.8840635608138436,
    "macro_recall": 0.8918408515027418,
    "macro_f1": 0.8877194083349803,
    "confusion_matrix": [
      [
        2860,
        122,
        2
      ],
      [
        71,
        632,
        49
      ],
      [
        15,
        41,
        398
      ]
    ]
  },
  "n_rows": 27931,
  "n_train": 19551,
  "n_val": 4190,
  "n_test": 4190
}