{
  "validation": {
    "accuracy": 0.9458823529411765,
    "precision": 0.7172774869109948,
    "recall": 0.7345844504021448,
    "f1": 0.7258278145695364
  },
  "test": {
    "accuracy": 0.9450980392156862,
    "precision": 0.7461706783369803,
    "recall": 0.7839080459770115,
    "f1": 0.7645739910313901
  },
  "n_rows": 25500,
  "n_train": 17850,
  "n_val": 3825,
  "n_test": 3825
}