{
  "validation": {
    "accuracy": 0.9233986928104575,
    "precision": 0.5772200772200772,
    "recall": 0.8016085790884718,
    "f1": 0.6711560044893379
  },
  "test": {
    "accuracy": 0.9254901960784314,
    "precision": 0.6488095238095238,
    "recall": 0.7517241379310344,
    "f1": 0.6964856230031949
  },
  "n_rows": 25500,
  "n_train": 17850,
  "n_val": 3825,
  "n_test": 3825
}