{
  "target_type": "multiclass",
  "validation": {
    "accuracy": 0.6964705882352941,
    "macro_precision": 0.4636416940386769,
    "macro_recall": 0.48668905786777583,
    "macro_f1": 0.46739386123909354,
    "confusion_matrix": [
      [
        2399,
        499,
        133
      ],
      [
        128,
        137,
        156
      ],
      [
        145,
        100,
        128
      ]
    ]
  },
  "test": {
    "accuracy": 0.730718954248366,
    "macro_precision": 0.6015411980684277,
    "macro_recall": 0.6142077143597309,
    "macro_f1": 0.6072257359225816,
    "confusion_matrix": [
      [
        2237,
        375,
        80
      ],
      [
        257,
        313,
        128
      ],
      [
        95,
        95,
        245
      ]
    ]
  },
  "n_rows": 25500,
  "n_train": 17850,
  "n_val": 3825,
  "n_test": 3825
}