{
  "target_type": "multiclass",
  "validation": {
    "accuracy": 0.9221957040572792,
    "macro_precision": 0.8120922644982725,
    "macro_recall": 0.8664502529044659,
    "macro_f1": 0.8338094507776029,
    "confusion_matrix": [
      [
        3263,
        199,
        1
      ],
      [
        37,
        365,
        43
      ],
      [
        9,
        37,
        236
      ]
    ]
  },
  "test": {
    "accuracy": 0.8988066825775657,
    "macro_precision": 0.8441951540778385,
    "macro_recall": 0.8777388498125954,
    "macro_f1": 0.8576708376178214,
    "confusion_matrix": [
      [
        2735,
        249,
        0
      ],
      [
        62,
        635,
        55
      ],
      [
        7,
        51,
        396
      ]
    ]
  },
  "n_rows": 27931,
  "n_train": 19551,
  "n_val": 4190,
  "n_test": 4190
}