{
  "target_type": "multiclass",
  "validation": {
    "accuracy": 0.7439293598233996,
    "macro_precision": 0.5911071602156287,
    "macro_recall": 0.6211233914969037,
    "macro_f1": 0.6034915711450305,
    "confusion_matrix": [
      [
        2758,
        439,
        134
      ],
      [
        238,
        346,
        135
      ],
      [
        103,
        111,
        266
      ]
    ]
  },
  "test": {
    "accuracy": 0.5380710659898477,
    "macro_precision": 0.4624589504045585,
    "macro_recall": 0.5494721662198437,
    "macro_f1": 0.4404351393086827,
    "confusion_matrix": [
      [
        1894,
        1308,
        366
      ],
      [
        106,
        367,
        162
      ],
      [
        33,
        118,
        177
      ]
    ]
  },
  "n_rows": 30202,
  "n_train": 21141,
  "n_val": 4530,
  "n_test": 4531
}