{
  "validation": {
    "accuracy": 0.9947643979057592,
    "precision": 1.0,
    "recall": 0.6,
    "f1": 0.75
  },
  "test": {
    "accuracy": 0.9660574412532638,
    "precision": 0.8461538461538461,
    "recall": 0.7096774193548387,
    "f1": 0.7719298245614035
  },
  "n_rows": 2550,
  "n_train": 1785,
  "n_val": 382,
  "n_test": 383
}