{
  "target_type": "multiclass",
  "validation": {
    "accuracy": 0.871523178807947,
    "macro_precision": 0.7797403833868168,
    "macro_recall": 0.832004379769594,
    "macro_f1": 0.8031016046099251,
    "confusion_matrix": [
      [
        3009,
        265,
        57
      ],
      [
        118,
        525,
        76
      ],
      [
        16,
        50,
        414
      ]
    ]
  },
  "test": {
    "accuracy": 0.6802030456852792,
    "macro_precision": 0.5153988717554044,
    "macro_recall": 0.6503226225016744,
    "macro_f1": 0.5344150835975623,
    "confusion_matrix": [
      [
        2520,
        620,
        428
      ],
      [
        115,
        318,
        202
      ],
      [
        9,
        75,
        244
      ]
    ]
  },
  "n_rows": 30202,
  "n_train": 21141,
  "n_val": 4530,
  "n_test": 4531
}